{
  "group_0": {
    "channels": [
      0,
      1,
      2,
      5,
      6,
      7,
      8
    ],
    "gk": 7,
    "mu_shape": [
      896
    ],
    "Uk_shape": [
      896,
      5
    ],
    "explained_variance_ratio": [
      0.5430497803458633,
      0.0801487847900803,
      0.04742529124832085,
      0.03175308717680337,
      0.030806048744619847
    ],
    "d_k": 5
  },
  "group_1": {
    "channels": [
      3,
      4
    ],
    "gk": 2,
    "mu_shape": [
      256
    ],
    "Uk_shape": [
      256,
      5
    ],
    "explained_variance_ratio": [
      0.12515279318400918,
      0.0850620652601218,
      0.08131647702228542,
      0.06793566539237242,
      0.04566964260091313
    ],
    "d_k": 5
  }
}